{"name":"ce6e54e0-0967-45cc-8be3-eed07e7b24b7","id":"/providers/Microsoft.Flow/flows/ce6e54e0-0967-45cc-8be3-eed07e7b24b7","type":"Microsoft.Flow/flows","properties":{"apiId":"/providers/Microsoft.PowerApps/apis/shared_logicflows","displayName":"Post to a channel when a webhook request is received","definition":{"metadata":{"workflowEntityId":null,"processAdvisorMetadata":null,"flowChargedByPaygo":false,"flowclientsuspensionreason":"None","flowclientsuspensiontime":null,"flowclientsuspensionreasondetails":null,"creator":{"id":"4832f50d-1e9b-48a0-989c-5d06b0b68df1","type":"User","tenantId":"6ef20e24-b778-4d8c-b86c-72588483622b"},"provisioningMethod":"FromDefinition","failureAlertSubscription":true,"clientLastModifiedTime":"2024-07-26T00:10:05.148306Z","connectionKeySavedTimeKey":"2024-07-26T00:10:05.148306Z"},"$schema":"https://schema.management.azure.com/providers/Microsoft.Logic/schemas/2016-06-01/workflowdefinition.json#","contentVersion":"1.0.0.0","parameters":{"$authentication":{"defaultValue":{},"type":"SecureObject"},"$connections":{"defaultValue":{},"type":"Object"},"teams.group":{"defaultValue":"","type":"String"},"teams.channel":{"defaultValue":"","type":"String"}},"triggers":{"manual":{"metadata":{},"type":"Request","kind":"TeamsWebhook","inputs":{"schema":{"type":"object","properties":{"type":{"type":"string"},"attachments":{"type":"array","items":{"type":"object","properties":{"contentType":{"type":"string"},"content":{"type":"object","properties":{"$schema":{"type":"string"},"type":{"type":"string"},"version":{"type":"string"},"body":{"type":"array","items":{"type":"object","properties":{"type":{"type":"string"}},"required":["type"]}}}}},"required":["contentType","content"]}}}},"triggerAuthenticationType":"All"}}},"actions":{"Send_each_adaptive_card":{"foreach":"@triggerOutputs()?['body']?['attachments']","actions":{"Post_card_in_a_chat_or_channel":{"type":"OpenApiConnection","inputs":{"parameters":{"poster":"Flow bot","location":"Channel","body/recipient/groupId":"0e137467-0d3a-4494-97a2-632ea25696cc","body/recipient/channelId":"19:41ZiAjacNufSC_2lzlKtGIlk3pBtlY-H5xImAeNNuWQ1@thread.tacv2","body/messageBody":"@item()?['content']"},"host":{"apiId":"/providers/Microsoft.PowerApps/apis/shared_teams","connectionName":"shared_teams","operationId":"PostCardToConversation"},"authentication":"@parameters('$authentication')"}}},"runAfter":{},"type":"Foreach"}},"outputs":{}},"connectionReferences":{"shared_teams":{"connectionName":"2832b6438526464d917193a776b53751","source":"Embedded","id":"/providers/Microsoft.PowerApps/apis/shared_teams","tier":"NotSpecified"}},"flowFailureAlertSubscribed":false,"isManaged":false}}