{
  "properties": {
    "connectionReferences": {
      "shared_sharepointonline_1": {
        "runtimeSource": "embedded",
        "connection": {
          "connectionReferenceLogicalName": "cr2bf_sharedsharepointonline_3980b"
        },
        "api": {
          "name": "shared_sharepointonline"
        }
      }
    },
    "definition": {
      "$schema": "https://schema.management.azure.com/providers/Microsoft.Logic/schemas/2016-06-01/workflowdefinition.json#",
      "contentVersion": "1.0.0.0",
      "parameters": {
        "$authentication": {
          "defaultValue": {},
          "type": "SecureObject"
        },
        "$connections": {
          "defaultValue": {},
          "type": "Object"
        }
      },
      "triggers": {
        "When_an_item_is_created_or_modified": {
          "recurrence": {
            "frequency": "Minute",
            "interval": 1
          },
          "splitOn": "@triggerOutputs()?['body/value']",
          "metadata": {
            "operationMetadataId": "c2991291-8dfc-4217-a114-bd6b0e06fa2d"
          },
          "type": "OpenApiConnection",
          "inputs": {
            "parameters": {
              "dataset": "https://mngenv626552.sharepoint.com/sites/Flow-Dev",
              "table": "30b32e4a-7842-4153-b4ae-8b6760d297ce"
            },
            "host": {
              "apiId": "/providers/Microsoft.PowerApps/apis/shared_sharepointonline",
              "operationId": "GetOnUpdatedItems",
              "connectionName": "shared_sharepointonline_1"
            }
          }
        }
      },
      "actions": {
        "Init-varSettings": {
          "runAfter": {},
          "metadata": {
            "operationMetadataId": "825c0db1-212f-4c4c-b729-fa39b3e311e6"
          },
          "type": "InitializeVariable",
          "inputs": {
            "variables": [
              {
                "name": "varSettings",
                "type": "object",
                "value": {
                  "siteUrl": "https://mngenv626552.sharepoint.com/sites/Flow-Dev",
                  "listCustomers": "MC-Customers",
                  "listMessages": "MC-Messages",
                  "listTokens": "MC-Tokens",
                  "docFiles": "MC-CustomerFiles",
                  "docFilesPath": "MCCustomerFiles",
                  "notificationEmail": "chentao76@hotmail.com",
                  "loadId": "@{guid()}"
                }
              }
            ]
          }
        },
        "GetItems-MC-Customers": {
          "runAfter": {
            "SetVar-varToken": [
              "Succeeded"
            ]
          },
          "metadata": {
            "operationMetadataId": "0de3e4b6-e0cf-4ea5-9379-4f48628e9033"
          },
          "type": "OpenApiConnection",
          "inputs": {
            "parameters": {
              "dataset": "@variables('varSettings')['siteUrl']",
              "table": "@variables('varSettings')['listCustomers']",
              "$filter": "Enabled eq 1"
            },
            "host": {
              "apiId": "/providers/Microsoft.PowerApps/apis/shared_sharepointonline",
              "operationId": "GetItems",
              "connectionName": "shared_sharepointonline_1"
            }
          }
        },
        "ForEach-MCCustomers": {
          "foreach": "@outputs('GetItems-MC-Customers')?['body/value']",
          "actions": {
            "HTTP-GetMC": {
              "metadata": {
                "operationMetadataId": "8ded27ce-a76c-4d20-b867-58aa5b95f04d"
              },
              "type": "Http",
              "inputs": {
                "uri": "https://lynx.office.net/api/Tenant/Messages?omsTenantId=@{items('ForEach-MCCustomers')['TenantId']}",
                "method": "GET",
                "headers": {
                  "Authorization": "Bearer @{variables('varToken')}",
                  "Accept": "application/json",
                  "Content-Type": "application/json"
                }
              }
            },
            "CreateJSONFile": {
              "runAfter": {
                "HTTP-GetMC": [
                  "Succeeded"
                ]
              },
              "metadata": {
                "operationMetadataId": "9bccad44-e20d-4e89-86de-96a49a34dc94"
              },
              "type": "OpenApiConnection",
              "inputs": {
                "parameters": {
                  "dataset": "@variables('varSettings')['siteUrl']",
                  "folderPath": "@concat('/',variables('varSettings')['docFilesPath'])",
                  "name": "@concat(items('ForEach-MCCustomers')['Title'],'-',formatDateTime(utcNow(), 'MM-dd-yyyy_HH-mm-ss'),'.txt')",
                  "body": "@body('HTTP-GetMC')"
                },
                "host": {
                  "apiId": "/providers/Microsoft.PowerApps/apis/shared_sharepointonline",
                  "operationId": "CreateFile",
                  "connectionName": "shared_sharepointonline_1"
                }
              },
              "runtimeConfiguration": {
                "contentTransfer": {
                  "transferMode": "Chunked"
                }
              }
            },
            "UpdateJSONFileListItem": {
              "runAfter": {
                "CreateJSONFile": [
                  "Succeeded"
                ]
              },
              "metadata": {
                "operationMetadataId": "91fdbb05-1375-4ca6-9080-c2bfe7ff68e9"
              },
              "type": "OpenApiConnection",
              "inputs": {
                "parameters": {
                  "dataset": "@variables('varSettings')['siteUrl']",
                  "table": "@variables('varSettings')['docFiles']",
                  "id": "@outputs('CreateJSONFile')?['body/ItemId']",
                  "item": {
                    "Customer": "@{items('ForEach-MCCustomers')['Title']}",
                    "LoadId": "@{variables('varSettings')['loadId']}",
                    "Status": {
                      "Value": "Ready"
                    }
                  }
                },
                "host": {
                  "apiId": "/providers/Microsoft.PowerApps/apis/shared_sharepointonline",
                  "operationId": "PatchItem",
                  "connectionName": "shared_sharepointonline_1"
                }
              }
            }
          },
          "runAfter": {
            "GetItems-MC-Customers": [
              "Succeeded"
            ]
          },
          "metadata": {
            "operationMetadataId": "1e248153-3d90-4f32-9dcc-204ed984e880"
          },
          "type": "Foreach"
        },
        "Init-varToken": {
          "runAfter": {
            "Init-varSettings": [
              "Succeeded"
            ]
          },
          "metadata": {
            "operationMetadataId": "2ec3f509-8540-4be7-b811-6640917bd31d"
          },
          "type": "InitializeVariable",
          "inputs": {
            "variables": [
              {
                "name": "varToken",
                "type": "string"
              }
            ]
          }
        },
        "Delete_Token": {
          "runAfter": {
            "ForEach-MCCustomers": [
              "Succeeded"
            ]
          },
          "metadata": {
            "operationMetadataId": "2f3321e9-1a73-46d2-82c8-d4c7caae1634"
          },
          "type": "OpenApiConnection",
          "inputs": {
            "parameters": {
              "dataset": "@variables('varSettings')['siteUrl']",
              "table": "@variables('varSettings')['listTokens']",
              "id": "@triggerOutputs()?['body/ID']"
            },
            "host": {
              "apiId": "/providers/Microsoft.PowerApps/apis/shared_sharepointonline",
              "operationId": "DeleteItem",
              "connectionName": "shared_sharepointonline_1"
            }
          }
        },
        "SetVar-varToken": {
          "runAfter": {
            "Init-varToken": [
              "Succeeded"
            ]
          },
          "metadata": {
            "operationMetadataId": "80b8edcb-b28b-40fd-bb9d-aff8aa907e52"
          },
          "type": "SetVariable",
          "inputs": {
            "name": "varToken",
            "value": "@triggerOutputs()?['body/Token']"
          }
        }
      }
    },
    "templateName": null
  },
  "schemaVersion": "1.0.0.0"
}