{
  "properties": {
    "connectionReferences": {
      "shared_sharepointonline_1": {
        "runtimeSource": "embedded",
        "connection": {
          "connectionReferenceLogicalName": "cr2bf_sharedsharepointonline_3980b"
        },
        "api": {
          "name": "shared_sharepointonline"
        }
      },
      "shared_sharepointonline": {
        "runtimeSource": "embedded",
        "connection": {
          "connectionReferenceLogicalName": "new_sharedsharepointonline_01360"
        },
        "api": {
          "name": "shared_sharepointonline"
        }
      },
      "shared_office365": {
        "runtimeSource": "embedded",
        "connection": {
          "connectionReferenceLogicalName": "cr2bf_sharedoffice365_e602c"
        },
        "api": {
          "name": "shared_office365"
        }
      }
    },
    "definition": {
      "$schema": "https://schema.management.azure.com/providers/Microsoft.Logic/schemas/2016-06-01/workflowdefinition.json#",
      "contentVersion": "1.0.0.0",
      "parameters": {
        "$authentication": {
          "defaultValue": {},
          "type": "SecureObject"
        },
        "$connections": {
          "defaultValue": {},
          "type": "Object"
        }
      },
      "triggers": {
        "When_a_file_is_created_or_modified_(properties_only)": {
          "recurrence": {
            "frequency": "Minute",
            "interval": 1
          },
          "splitOn": "@triggerOutputs()?['body/value']",
          "metadata": {
            "operationMetadataId": "ff0c7c78-5a83-48dd-b11c-8676b419c001"
          },
          "type": "OpenApiConnection",
          "inputs": {
            "parameters": {
              "dataset": "https://mngenv626552.sharepoint.com/sites/Flow-Dev",
              "table": "1b28dbc0-f099-4987-b82b-293a62baa338"
            },
            "host": {
              "apiId": "/providers/Microsoft.PowerApps/apis/shared_sharepointonline",
              "operationId": "GetOnUpdatedFileItems",
              "connectionName": "shared_sharepointonline_1"
            }
          },
          "conditions": [
            {
              "expression": "@equals(triggerBody()['Status']['Value'],'Ready')"
            }
          ],
          "description": "previously use trigger @less(sub(ticks(triggerBody()['Modified']),ticks(triggerBody()['Created'])),600000000)"
        }
      },
      "actions": {
        "Init-varSettings": {
          "runAfter": {
            "Init-varProcessedCount": [
              "Succeeded"
            ]
          },
          "metadata": {
            "operationMetadataId": "825c0db1-212f-4c4c-b729-fa39b3e311e6"
          },
          "type": "InitializeVariable",
          "inputs": {
            "variables": [
              {
                "name": "varSettings",
                "type": "object",
                "value": {
                  "siteUrl": "https://mngenv626552.sharepoint.com/sites/Flow-Dev",
                  "listCustomers": "MC-Customers",
                  "listMessages": "MC-Messages",
                  "listTokens": "MC-Tokens",
                  "docFiles": "MC-CustomerFiles",
                  "docFilesPath": "MCCustomerFiles",
                  "notificationEmail": "chentao76@hotmail.com",
                  "lastNumberOfDays": -90
                }
              }
            ]
          }
        },
        "Init-MCResponseJSON": {
          "runAfter": {
            "Update-NewMessageStatus": [
              "Succeeded"
            ]
          },
          "metadata": {
            "operationMetadataId": "2e4a5fec-003c-43b9-ac41-868fef3631d0"
          },
          "type": "ParseJson",
          "inputs": {
            "content": "@body('GetJSONFileContent')",
            "schema": {
              "type": "array",
              "items": {
                "type": "object",
                "properties": {
                  "Id": {
                    "type": "string"
                  },
                  "Severity": {
                    "type": "string"
                  },
                  "StartDateTime": {
                    "type": "string"
                  },
                  "EndDateTime": {
                    "type": "string"
                  },
                  "LastModifiedDateTime": {
                    "type": "string"
                  },
                  "Title": {
                    "type": "string"
                  },
                  "Services": {
                    "type": "array",
                    "items": {
                      "type": "string"
                    }
                  },
                  "Tags": {
                    "type": "array",
                    "items": {
                      "type": "string"
                    }
                  },
                  "Body": {
                    "type": "object",
                    "properties": {
                      "ContentType": {
                        "type": "string"
                      },
                      "Content": {
                        "type": "string"
                      },
                      "CreatedDateTime": {
                        "type": "string"
                      }
                    }
                  },
                  "Description": {
                    "type": "string"
                  },
                  "Details": {
                    "type": "array"
                  },
                  "Category": {
                    "type": "string"
                  },
                  "IsGlobal": {
                    "type": "boolean"
                  },
                  "IsMajorChange": {
                    "type": "boolean"
                  }
                },
                "required": [
                  "Id",
                  "Severity",
                  "StartDateTime",
                  "EndDateTime",
                  "LastModifiedDateTime",
                  "Title",
                  "Services",
                  "Tags",
                  "Body",
                  "Description",
                  "Details",
                  "Category",
                  "IsGlobal",
                  "IsMajorChange"
                ]
              }
            }
          }
        },
        "GetJSONFileContent": {
          "runAfter": {
            "Init-varSettings": [
              "Succeeded"
            ]
          },
          "metadata": {
            "operationMetadataId": "2e11f43f-a547-4c3c-a5ca-90d128b6a960"
          },
          "type": "OpenApiConnection",
          "inputs": {
            "parameters": {
              "dataset": "@variables('varSettings')['siteUrl']",
              "id": "@triggerOutputs()?['body/{Identifier}']",
              "inferContentType": true
            },
            "host": {
              "apiId": "/providers/Microsoft.PowerApps/apis/shared_sharepointonline",
              "operationId": "GetFileContent",
              "connectionName": "shared_sharepointonline_1"
            }
          }
        },
        "ForEach-MCJson": {
          "foreach": "@body('FilterJSON')",
          "actions": {
            "Condition": {
              "actions": {
                "GetItems-CheckMCMessageExisted": {
                  "metadata": {
                    "operationMetadataId": "070680ac-862e-4bc7-bd91-6b36cc6a1231"
                  },
                  "type": "OpenApiConnection",
                  "inputs": {
                    "parameters": {
                      "dataset": "@variables('varSettings')['siteUrl']",
                      "table": "@variables('varSettings')['listMessages']",
                      "$filter": "MessageId eq '@{items('ForEach-MCJson')['Id']}' and Customer eq '@{triggerOutputs()?['body/Customer']}'"
                    },
                    "host": {
                      "apiId": "/providers/Microsoft.PowerApps/apis/shared_sharepointonline",
                      "operationId": "GetItems",
                      "connectionName": "shared_sharepointonline_1"
                    }
                  }
                },
                "CheckIfMCMessageExisted": {
                  "actions": {
                    "CreateItem-MCMessage": {
                      "runAfter": {
                        "Select-Tags": [
                          "Succeeded"
                        ]
                      },
                      "metadata": {
                        "operationMetadataId": "b3e55102-58f8-4f19-828d-8a9aeb68968b"
                      },
                      "type": "OpenApiConnection",
                      "inputs": {
                        "parameters": {
                          "dataset": "@variables('varSettings')['siteUrl']",
                          "table": "@variables('varSettings')['listMessages']",
                          "item": {
                            "MessageId": "@{items('ForEach-MCJson')['Id']}",
                            "Severity": {
                              "Value": "@{items('ForEach-MCJson')['Severity']}"
                            },
                            "StartDateTime": "@{items('ForEach-MCJson')['StartDateTime']}",
                            "EndDateTime": "@{items('ForEach-MCJson')['EndDateTime']}",
                            "LastModifiedDateTime": "@{items('ForEach-MCJson')['LastModifiedDateTime']}",
                            "Title": "@{items('ForEach-MCJson')['Title']}",
                            "Services": "@body('Select-Services')",
                            "Tags": "@body('Select-Tags')",
                            "Description": "@{items('ForEach-MCJson')['Description']}",
                            "DetailsJSON": "@{string(items('ForEach-MCJson')['Details'])}",
                            "Category": {
                              "Value": "@{items('ForEach-MCJson')['Category']}"
                            },
                            "IsGlobal": "@if(bool(items('ForEach-MCJson')['IsGlobal']), 1, 0)",
                            "IsMajorChange": "@if(bool(items('ForEach-MCJson')['IsMajorChange']), 1, 0)",
                            "Customer": "@{triggerOutputs()?['body/Customer']}"
                          }
                        },
                        "host": {
                          "apiId": "/providers/Microsoft.PowerApps/apis/shared_sharepointonline",
                          "operationId": "PostItem",
                          "connectionName": "shared_sharepointonline_1"
                        }
                      }
                    },
                    "Select-Tags": {
                      "runAfter": {
                        "Select-Services": [
                          "Succeeded"
                        ]
                      },
                      "metadata": {
                        "operationMetadataId": "1a6c6af3-4d20-426d-9678-c766e4f2ee12"
                      },
                      "type": "Select",
                      "inputs": {
                        "from": "@items('ForEach-MCJson')['Tags']",
                        "select": {
                          "Value": "@item()"
                        }
                      }
                    },
                    "Select-Services": {
                      "metadata": {
                        "operationMetadataId": "cbd3ce9d-5a82-440e-85b3-eba27b40bbbf"
                      },
                      "type": "Select",
                      "inputs": {
                        "from": "@items('ForEach-MCJson')['Services']",
                        "select": {
                          "Value": "@item()"
                        }
                      }
                    },
                    "Increment_variable": {
                      "runAfter": {
                        "CreateItem-MCMessage": [
                          "Succeeded"
                        ]
                      },
                      "metadata": {
                        "operationMetadataId": "2ff83f96-2175-4077-ba8e-6825dbd1c883"
                      },
                      "type": "IncrementVariable",
                      "inputs": {
                        "name": "varProcessedCount",
                        "value": 1
                      }
                    }
                  },
                  "runAfter": {
                    "GetItems-CheckMCMessageExisted": [
                      "Succeeded"
                    ]
                  },
                  "else": {
                    "actions": {}
                  },
                  "expression": {
                    "equals": [
                      "@length(outputs('GetItems-CheckMCMessageExisted')?['body/value'])",
                      0
                    ]
                  },
                  "metadata": {
                    "operationMetadataId": "1b438abf-5f1c-4f33-b525-2184dfe223eb"
                  },
                  "type": "If"
                }
              },
              "runAfter": {
                "Compose-EarliesDate": [
                  "Succeeded"
                ]
              },
              "else": {
                "actions": {}
              },
              "expression": {
                "greater": [
                  "@parseDateTime(items('ForEach-MCJson')['StartDateTime'])",
                  "@outputs('Compose-EarliesDate')"
                ]
              },
              "metadata": {
                "operationMetadataId": "78f42ff0-dedd-4a52-87dc-504fdc3753a9"
              },
              "type": "If"
            },
            "Compose-EarliesDate": {
              "metadata": {
                "operationMetadataId": "b572ee8f-e360-49c0-94f6-b3814b457fe7"
              },
              "type": "Compose",
              "inputs": "@addDays(utcNow(),variables('varSettings')['lastNumberOfDays'])"
            }
          },
          "runAfter": {
            "FilterJSON": [
              "Succeeded"
            ]
          },
          "metadata": {
            "operationMetadataId": "0182545f-e390-48f0-a7d7-ef5e790ac896"
          },
          "type": "Foreach"
        },
        "Init-varProcessedCount": {
          "runAfter": {},
          "metadata": {
            "operationMetadataId": "244e613a-c889-4bf0-8975-c1c641941b58"
          },
          "type": "InitializeVariable",
          "inputs": {
            "variables": [
              {
                "name": "varProcessedCount",
                "type": "integer",
                "value": 0
              }
            ]
          }
        },
        "FilterJSON": {
          "runAfter": {
            "Init-MCResponseJSON": [
              "Succeeded"
            ]
          },
          "metadata": {
            "operationMetadataId": "e4880ef0-596f-46b2-ac54-bee95ff15e1b"
          },
          "type": "Query",
          "inputs": {
            "from": "@body('Init-MCResponseJSON')",
            "where": "@greater(parseDateTime(item()['StartDateTime']), addDays(utcNow(), variables('varSettings')['lastNumberOfDays']))"
          }
        },
        "Update-NewMessageCount": {
          "runAfter": {
            "ForEach-MCJson": [
              "Succeeded"
            ]
          },
          "metadata": {
            "operationMetadataId": "1c6da833-2e51-4ca5-bdfc-000bf1d0609f"
          },
          "type": "OpenApiConnection",
          "inputs": {
            "parameters": {
              "dataset": "@variables('varSettings')['siteUrl']",
              "table": "@variables('varSettings')['docFiles']",
              "id": "@triggerOutputs()?['body/ID']",
              "item": {
                "NewMessageCount": "@variables('varProcessedCount')",
                "Status": {
                  "Value": "Done"
                }
              }
            },
            "host": {
              "apiId": "/providers/Microsoft.PowerApps/apis/shared_sharepointonline",
              "operationId": "PatchFileItem",
              "connectionName": "shared_sharepointonline_1"
            }
          }
        },
        "Update-NewMessageStatus": {
          "runAfter": {
            "GetJSONFileContent": [
              "Succeeded"
            ]
          },
          "metadata": {
            "operationMetadataId": "1c6da833-2e51-4ca5-bdfc-000bf1d0609f"
          },
          "type": "OpenApiConnection",
          "inputs": {
            "parameters": {
              "dataset": "@variables('varSettings')['siteUrl']",
              "table": "@variables('varSettings')['docFiles']",
              "id": "@triggerOutputs()?['body/ID']",
              "item": {
                "Status": {
                  "Value": "Processing"
                }
              }
            },
            "host": {
              "apiId": "/providers/Microsoft.PowerApps/apis/shared_sharepointonline",
              "operationId": "PatchFileItem",
              "connectionName": "shared_sharepointonline_1"
            }
          }
        },
        "Getitems-AllEnabledCustomers": {
          "runAfter": {
            "Update-NewMessageCount": [
              "Succeeded"
            ]
          },
          "type": "OpenApiConnection",
          "inputs": {
            "parameters": {
              "dataset": "@variables('varSettings')['siteUrl']",
              "table": "@variables('varSettings')['listCustomers']",
              "$filter": "Enabled eq 1"
            },
            "host": {
              "apiId": "/providers/Microsoft.PowerApps/apis/shared_sharepointonline",
              "operationId": "GetItems",
              "connectionName": "shared_sharepointonline"
            }
          }
        },
        "Getitems-allDoneItems": {
          "runAfter": {
            "Getitems-AllEnabledCustomers": [
              "Succeeded"
            ]
          },
          "type": "OpenApiConnection",
          "inputs": {
            "parameters": {
              "dataset": "@variables('varSettings')['siteUrl']",
              "table": "@variables('varSettings')['docFiles']",
              "$filter": "Status eq 'Done' and LoadId eq '@{triggerBody()?['LoadId']}'"
            },
            "host": {
              "apiId": "/providers/Microsoft.PowerApps/apis/shared_sharepointonline",
              "operationId": "GetItems",
              "connectionName": "shared_sharepointonline"
            }
          }
        },
        "Condition_1": {
          "actions": {
            "SendEmail-MSAccount": {
              "runAfter": {
                "CreateHtmlBody": [
                  "Succeeded"
                ]
              },
              "type": "OpenApiConnection",
              "inputs": {
                "parameters": {
                  "emailMessage/To": "tachen@microsoft.com",
                  "emailMessage/Subject": "Message Load was done",
                  "emailMessage/Body": "<p>Message Center information was loaded:</p><br>@{body('CreateHtmlBody')}",
                  "emailMessage/Importance": "Normal"
                },
                "host": {
                  "apiId": "/providers/Microsoft.PowerApps/apis/shared_office365",
                  "operationId": "SendEmailV2",
                  "connectionName": "shared_office365"
                }
              }
            },
            "CreateHtmlBody": {
              "type": "Table",
              "inputs": {
                "from": "@outputs('Getitems-allDoneItems')?['body/value']",
                "format": "HTML",
                "columns": [
                  {
                    "header": "Customer",
                    "value": "@{item()?['Customer']}"
                  },
                  {
                    "header": "Message Count",
                    "value": "@{item()?['NewMessageCount']}"
                  },
                  {
                    "header": "Last Modified Date",
                    "value": "@{convertFromUtc(item()?['Modified'],'Pacific Standard Time')}"
                  }
                ]
              }
            }
          },
          "runAfter": {
            "Compose_-TotalDoneItems": [
              "Succeeded"
            ]
          },
          "else": {
            "actions": {}
          },
          "expression": {
            "and": [
              {
                "equals": [
                  "@outputs('Compose_-TotalDoneItems')",
                  "@outputs('Compose-TotalEnabledCustomers')"
                ]
              }
            ]
          },
          "type": "If"
        },
        "Compose-TotalEnabledCustomers": {
          "runAfter": {
            "Getitems-allDoneItems": [
              "Succeeded"
            ]
          },
          "type": "Compose",
          "inputs": "@length(outputs('Getitems-AllEnabledCustomers')?['body/value'])"
        },
        "Compose_-TotalDoneItems": {
          "runAfter": {
            "Compose-TotalEnabledCustomers": [
              "Succeeded"
            ]
          },
          "type": "Compose",
          "inputs": "@length(outputs('Getitems-allDoneItems')?['body/value'])"
        }
      }
    },
    "templateName": null
  },
  "schemaVersion": "1.0.0.0"
}