{"name":"352cf18f-a7fe-49df-908b-29a5cbd5a9ce","id":"/providers/Microsoft.Flow/flows/352cf18f-a7fe-49df-908b-29a5cbd5a9ce","type":"Microsoft.Flow/flows","properties":{"apiId":"/providers/Microsoft.PowerApps/apis/shared_logicflows","displayName":"WorkflowHistory-CreateList2","definition":{"metadata":{"workflowEntityId":null,"flowclientsuspensionreason":"None","flowclientsuspensiontime":null,"creator":{"id":"696ffc3f-69c1-47ce-b9ca-46165d8f2d52","type":"User","tenantId":"8a5ee357-7de0-4836-ab20-9173b12cdce9"},"provisioningMethod":"FromDefinition","failureAlertSubscription":true,"clientLastModifiedTime":"2020-12-13T23:58:30.4462742Z"},"$schema":"https://schema.management.azure.com/providers/Microsoft.Logic/schemas/2016-06-01/workflowdefinition.json#","contentVersion":"1.0.0.0","parameters":{"$connections":{"defaultValue":{},"type":"Object"},"$authentication":{"defaultValue":{},"type":"SecureObject"}},"triggers":{"manual":{"type":"Request","kind":"Button","inputs":{"schema":{"type":"object","properties":{},"required":[]}}}},"actions":{"Init-varSettings":{"runAfter":{},"type":"InitializeVariable","inputs":{"variables":[{"name":"varSettings","type":"object","value":{"siteUrl":"https://m365x725618.sharepoint.com/sites/Flow-Dev","workflowHistoryTitle":"WorkflowHistory2"}}]}},"JSON-Fields":{"runAfter":{"Init-varSettings":["Succeeded"]},"type":"ParseJson","inputs":{"content":[{"FieldTitle":"TriggerListTitle","FieldType":2},{"FieldTitle":"TriggerListItemId","FieldType":1},{"FieldTitle":"RunId","FieldType":2},{"FieldTitle":"ParentRunId","FieldType":2},{"FieldTitle":"Message","FieldType":3}],"schema":{"type":"array","items":{"type":"object","properties":{"FieldTitle":{"type":"string"},"FieldType":{"type":"integer"}},"required":["FieldTitle","FieldType"]}}}},"ApplyToEach-Field":{"foreach":"@body('JSON-Fields')","actions":{"CreateField":{"runAfter":{},"type":"OpenApiConnection","inputs":{"host":{"apiId":"/providers/Microsoft.PowerApps/apis/shared_sharepointonline","connectionName":"shared_sharepointonline","operationId":"HttpRequest"},"parameters":{"dataset":"@variables('varSettings').siteUrl","parameters/method":"POST","parameters/uri":"_api/lists/getbytitle('@{variables('varSettings').workflowHistoryTitle}')/fields","parameters/headers":{"Accept":"application/json;odata=verbose","Content-Type":"application/json;odata=verbose"},"parameters/body":"{\n    '__metadata': {'type':'SP.Field'},\n    'FieldTypeKind':@{items('ApplyToEach-Field').FieldType} ,\n     'Title': '@{items('ApplyToEach-Field').FieldTitle}'\n}"},"authentication":{"value":"@json(decodeBase64(triggerOutputs().headers['X-MS-APIM-Tokens']))['$ConnectionKey']","type":"Raw"}}},"AddFieldToView":{"runAfter":{"CreateField":["Succeeded"]},"type":"OpenApiConnection","inputs":{"host":{"apiId":"/providers/Microsoft.PowerApps/apis/shared_sharepointonline","connectionName":"shared_sharepointonline","operationId":"HttpRequest"},"parameters":{"dataset":"@variables('varSettings').siteUrl","parameters/method":"POST","parameters/uri":"_api/web/lists/GetByTitle('@{variables('varSettings').workflowHistoryTitle}')/views/getbytitle('All Items')/ViewFields/AddViewField('@{items('ApplyToEach-Field').FieldTitle}')","parameters/headers":{"accept":"application/json;odata=verbose","content-Type":"application/json;odata=verbose"}},"authentication":{"value":"@json(decodeBase64(triggerOutputs().headers['X-MS-APIM-Tokens']))['$ConnectionKey']","type":"Raw"}}}},"runAfter":{"CreateList-WorkflowHistory":["Succeeded"]},"type":"Foreach"},"CreateList-WorkflowHistory":{"runAfter":{"JSON-Fields":["Succeeded"]},"type":"OpenApiConnection","inputs":{"host":{"apiId":"/providers/Microsoft.PowerApps/apis/shared_sharepointonline","connectionName":"shared_sharepointonline","operationId":"HttpRequest"},"parameters":{"dataset":"@variables('varSettings').siteUrl","parameters/method":"POST","parameters/uri":"/_api/web/lists","parameters/headers":{"Accept":"application/json;odata=verbose","Content-Type":"application/json;odata=verbose"},"parameters/body":"{\n  \"__metadata\": {\"type\": \"SP.List\"},\n  \"AllowContentTypes\": true,\n  \"BaseTemplate\": 100,\n \"Description\": \"Workflow history list\",\n \"Title\": \"@{variables('varSettings').workflowHistoryTitle}\"\n}"},"authentication":{"value":"@json(decodeBase64(triggerOutputs().headers['X-MS-APIM-Tokens']))['$ConnectionKey']","type":"Raw"}}}}},"connectionReferences":{"shared_sharepointonline":{"connectionName":"03230dfbfd0346e592215ce51caf15c1","source":"Invoker","id":"/providers/Microsoft.PowerApps/apis/shared_sharepointonline","tier":"NotSpecified"}},"flowFailureAlertSubscribed":false}}