{"name":"0e1014bd-ab3c-4c4a-8200-0231c453e790","id":"/providers/Microsoft.Flow/flows/0e1014bd-ab3c-4c4a-8200-0231c453e790","type":"Microsoft.Flow/flows","properties":{"apiId":"/providers/Microsoft.PowerApps/apis/shared_logicflows","displayName":"PermitFlow","definition":{"metadata":{"workflowEntityId":null,"processAdvisorMetadata":null,"flowChargedByPaygo":null,"flowclientsuspensionreason":"None","flowclientsuspensiontime":null,"flowclientsuspensionreasondetails":null,"creator":{"id":"a3c688f1-4701-47fb-89bf-e0acdf8ed781","type":"User","tenantId":"1f3ef606-efdb-4474-95f9-6f6e63534c09"},"provisioningMethod":"FromDefinition","failureAlertSubscription":true,"clientLastModifiedTime":"2025-05-12T18:18:25.2793904Z","connectionKeySavedTimeKey":"2025-05-12T18:18:25.2793904Z","creationSource":"Portal","modifiedSources":"Portal"},"$schema":"https://schema.management.azure.com/providers/Microsoft.Logic/schemas/2016-06-01/workflowdefinition.json#","contentVersion":"1.0.0.0","parameters":{"$authentication":{"defaultValue":{},"type":"SecureObject"},"$connections":{"defaultValue":{},"type":"Object"}},"triggers":{"When_a_file_is_created_(properties_only)":{"recurrence":{"frequency":"Minute","interval":1},"splitOn":"@triggerOutputs()?['body/value']","metadata":{"operationMetadataId":"2b2fa9b7-f702-43be-a397-288e817570e3"},"type":"OpenApiConnection","inputs":{"parameters":{"dataset":"https://m365cpi78904853.sharepoint.com/sites/Flow-Dev","table":"e505848f-937e-472a-8ed9-013c3eb743a6"},"host":{"apiId":"/providers/Microsoft.PowerApps/apis/shared_sharepointonline","connectionName":"shared_sharepointonline","operationId":"GetOnNewFileItems"},"authentication":"@parameters('$authentication')"}}},"actions":{"GetFiles-LatestFile":{"runAfter":{"Init-NextNumber":["Succeeded"]},"metadata":{"operationMetadataId":"2e97b100-722b-4ba7-bb2b-56136c32edf4"},"type":"OpenApiConnection","inputs":{"parameters":{"dataset":"@variables('varSettings')['siteUrl']","table":"@variables('varSettings')['libTitle']","$orderby":"Created desc","$top":2},"host":{"apiId":"/providers/Microsoft.PowerApps/apis/shared_sharepointonline","connectionName":"shared_sharepointonline","operationId":"GetFileItems"},"authentication":"@parameters('$authentication')"}},"Init-NextNumber":{"runAfter":{"Init-varSettings":["Succeeded"]},"metadata":{"operationMetadataId":"f270b423-7264-48a6-8dc4-11854f64a8c9"},"type":"InitializeVariable","inputs":{"variables":[{"name":"NextNumber","type":"integer"}]}},"Set-NextNumber":{"runAfter":{"GetFiles-LatestFile":["Succeeded"]},"metadata":{"operationMetadataId":"35a5723f-e5a7-42ec-8146-aa364ae59c0d"},"type":"SetVariable","inputs":{"name":"NextNumber","value":"@add(int(outputs('GetFiles-LatestFile')?['body/value'][1]['Permit']),1)"}},"SendHttp-DetermineFileLocked":{"runAfter":{"Set-NextNumber":["Succeeded"]},"metadata":{"operationMetadataId":"b5286b75-383a-4ded-972e-2876e0d12ef0"},"type":"OpenApiConnection","inputs":{"parameters":{"dataset":"@variables('varSettings')['siteUrl']","parameters/method":"GET","parameters/uri":"_api/web/lists/GetbyTitle('@{variables('varSettings')['libTitle']}')/items(@{triggerBody()?['ID']})/File/lockedByUser","parameters/headers":{"Accept":"application/json;odata=nometadata","Content-Type":"application/json;odata=nometadata"}},"host":{"apiId":"/providers/Microsoft.PowerApps/apis/shared_sharepointonline","connectionName":"shared_sharepointonline","operationId":"HttpRequest"},"authentication":"@parameters('$authentication')"}},"Init-varSettings":{"runAfter":{},"type":"InitializeVariable","inputs":{"variables":[{"name":"varSettings","type":"object","value":{"siteUrl":"https://m365cpi78904853.sharepoint.com/sites/Flow-Dev","libTitle":"PermitDocs"}}]}},"Condition":{"actions":{"SendHttp-GetLockerId":{"metadata":{"operationMetadataId":"b5286b75-383a-4ded-972e-2876e0d12ef0"},"type":"OpenApiConnection","inputs":{"parameters":{"dataset":"@variables('varSettings')['siteUrl']","parameters/method":"GET","parameters/uri":"_api/web/lists/GetbyTitle('@{variables('varSettings')['libTitle']}')/items(@{triggerBody()?['ID']})/File/Properties?$select=vti_x005f_sourcecontrollockid","parameters/headers":{"Accept":"application/json;odata=nometadata","Content-Type":"application/json;odata=nometadata"}},"host":{"apiId":"/providers/Microsoft.PowerApps/apis/shared_sharepointonline","connectionName":"shared_sharepointonline","operationId":"HttpRequest"},"authentication":"@parameters('$authentication')"}},"SendHttp-UpdateFilenameWithLocker":{"runAfter":{"SendHttp-GetLockerId":["Succeeded"]},"metadata":{"operationMetadataId":"e9da4e9e-0265-46f9-bcdc-a17611d29831"},"type":"OpenApiConnection","inputs":{"parameters":{"dataset":"@variables('varSettings')['siteUrl']","parameters/method":"POST","parameters/uri":"_api/web/lists/GetbyTitle('@{variables('varSettings')['libTitle']}')/items(@{triggerBody()?['ID']})/validateUpdateListItem","parameters/body":"{\n  \"formValues\": [\n    {\n      \"FieldName\": \"FileLeafRef\",\n      \"FieldValue\": \"@{variables('NextNumber')}\"\n    },\n    {\n      \"FieldName\": \"Permit\",\n      \"FieldValue\": \"@{variables('NextNumber')}\"\n    }\n  ],\n \"sharedLockId\": \"@{body('SendHttp-GetLockerId')?['vti_x005f_sourcecontrollockid']}\",\n \"bNewDocumentUpdate\": true \n}"},"host":{"apiId":"/providers/Microsoft.PowerApps/apis/shared_sharepointonline","connectionName":"shared_sharepointonline","operationId":"HttpRequest"},"authentication":"@parameters('$authentication')"}}},"runAfter":{"Compose":["Succeeded"]},"else":{"actions":{"SendHttp-UpdateFilenameWithoutLocker":{"metadata":{"operationMetadataId":"e9da4e9e-0265-46f9-bcdc-a17611d29831"},"type":"OpenApiConnection","inputs":{"parameters":{"dataset":"@variables('varSettings')['siteUrl']","parameters/method":"POST","parameters/uri":"_api/web/lists/GetbyTitle('@{variables('varSettings')['libTitle']}')/items(@{triggerBody()?['ID']})/validateUpdateListItem","parameters/body":"{\n  \"formValues\": [\n    {\n      \"FieldName\": \"FileLeafRef\",\n      \"FieldValue\": \"@{variables('NextNumber')}\"\n    },\n    {\n      \"FieldName\": \"Permit\",\n      \"FieldValue\": \"@{variables('NextNumber')}\"\n    }\n  ],\n \"bNewDocumentUpdate\": true \n}"},"host":{"apiId":"/providers/Microsoft.PowerApps/apis/shared_sharepointonline","connectionName":"shared_sharepointonline","operationId":"HttpRequest"},"authentication":"@parameters('$authentication')"}}}},"expression":{"and":[{"not":{"equals":["@body('SendHttp-DetermineFileLocked')?['odata.null']","@true"]}}]},"type":"If"},"Compose":{"runAfter":{"SendHttp-DetermineFileLocked":["Succeeded"]},"type":"Compose","inputs":"@body('SendHttp-DetermineFileLocked')?['d']?['LockedByUser']"}},"outputs":{}},"connectionReferences":{"shared_sharepointonline":{"connectionName":"shared-sharepointonl-15dde7a5-f963-4f71-9bfa-0f144b9c719e","source":"Embedded","id":"/providers/Microsoft.PowerApps/apis/shared_sharepointonline","tier":"NotSpecified","apiName":"sharepointonline"}},"flowFailureAlertSubscribed":false,"isManaged":false}}