{"name":"7a4eec97-1612-46b7-8df8-f3fccd17d98e","id":"/providers/Microsoft.Flow/flows/7a4eec97-1612-46b7-8df8-f3fccd17d98e","type":"Microsoft.Flow/flows","properties":{"apiId":"/providers/Microsoft.PowerApps/apis/shared_logicflows","displayName":"CalendarSync","definition":{"metadata":{"workflowEntityId":null,"processAdvisorMetadata":null,"flowChargedByPaygo":null,"flowclientsuspensionreason":"None","flowclientsuspensiontime":null,"flowclientsuspensionreasondetails":null,"creator":{"id":"a3c688f1-4701-47fb-89bf-e0acdf8ed781","type":"User","tenantId":"1f3ef606-efdb-4474-95f9-6f6e63534c09"},"provisioningMethod":"FromDefinition","failureAlertSubscription":true,"clientLastModifiedTime":"2025-09-19T06:10:32.4553545Z","connectionKeySavedTimeKey":"2025-09-19T06:10:32.4553545Z","creationSource":"Portal","modifiedSources":"Portal"},"$schema":"https://schema.management.azure.com/providers/Microsoft.Logic/schemas/2016-06-01/workflowdefinition.json#","contentVersion":"undefined","parameters":{"$authentication":{"defaultValue":{},"type":"SecureObject"},"$connections":{"defaultValue":{},"type":"Object"}},"triggers":{"manual":{"type":"Request","kind":"Button","inputs":{"schema":{"type":"object","properties":{},"required":[]}}}},"actions":{"Init-varSettings":{"runAfter":{},"type":"InitializeVariable","inputs":{"variables":[{"name":"varSettings","type":"object","value":{"targetSiteUrl":"https://m365cpi78904853.sharepoint.com/sites/TestPublishing01/HRSub","targetListTitle":"ParentCalendar","sources":[{"siteUrl":"https://m365cpi78904853.sharepoint.com/sites/TestPublishing01/HRSub/SubWellness","listTitle":"Event","color":"#7DDA58"}]}}]}},"ForEachSites":{"foreach":"@variables('varSettings')['sources']","actions":{"Getitems-List":{"type":"OpenApiConnection","inputs":{"parameters":{"dataset":"@items('ForEachSites')['siteUrl']","table":"@items('ForEachSites')['listTitle']"},"host":{"apiId":"/providers/Microsoft.PowerApps/apis/shared_sharepointonline","connectionName":"shared_sharepointonline","operationId":"GetItems"},"authentication":{"value":"@json(decodeBase64(triggerOutputs().headers['X-MS-APIM-Tokens']))['$ConnectionKey']","type":"Raw"}}},"ForEachEventItem":{"foreach":"@body('HTTP-GetItems')['d']['results']","actions":{"GetItems-TargetListItem":{"type":"OpenApiConnection","inputs":{"parameters":{"dataset":"@variables('varSettings')['targetSiteUrl']","table":"@variables('varSettings')['targetListTitle']","$filter":"SourceListItemGUID eq '@{items('ForEachEventItem')['GUID']}'"},"host":{"apiId":"/providers/Microsoft.PowerApps/apis/shared_sharepointonline","connectionName":"shared_sharepointonline","operationId":"GetItems"},"authentication":{"value":"@json(decodeBase64(triggerOutputs().headers['X-MS-APIM-Tokens']))['$ConnectionKey']","type":"Raw"}}},"CheckIfExist":{"actions":{"CheckModified":{"actions":{"Update_item":{"type":"OpenApiConnection","inputs":{"parameters":{"dataset":"@variables('varSettings')['targetSiteUrl']","table":"@variables('varSettings')['targetListTitle']","id":"@outputs('GetItems-TargetListItem')?['body/value'][0]['ID']","item":{"Title":"@{items('ForEachEventItem')['Title']}","Start":"@{items('ForEachEventItem')['Start']}","End":"@{items('ForEachEventItem')['End']}","SourceListColor":"@{items('ForEachSites')['color']}","SourceListItemGUID":"@{items('ForEachEventItem')['GUID']}","SourceListItemModified":"@{items('ForEachEventItem')['Modified']}"}},"host":{"apiId":"/providers/Microsoft.PowerApps/apis/shared_sharepointonline","connectionName":"shared_sharepointonline","operationId":"PatchItem"},"authentication":{"value":"@json(decodeBase64(triggerOutputs().headers['X-MS-APIM-Tokens']))['$ConnectionKey']","type":"Raw"}}}},"runAfter":{"Compose-TargetModified":["Succeeded"]},"else":{"actions":{}},"expression":{"and":[{"greater":["@ticks(items('ForEachEventItem')['Modified'])","@ticks(outputs('GetItems-TargetListItem')?['body/value'][0]['SourceListItemModified'])"]}]},"type":"If"},"Compose-SourceModified":{"type":"Compose","inputs":"@items('ForEachEventItem')['Modified']"},"Compose-TargetModified":{"runAfter":{"Compose-SourceModified":["Succeeded"]},"type":"Compose","inputs":"@outputs('GetItems-TargetListItem')?['body/value'][0]['SourceListItemModified']"}},"runAfter":{"GetItems-TargetListItem":["Succeeded"]},"else":{"actions":{"Create_item":{"type":"OpenApiConnection","inputs":{"parameters":{"dataset":"@variables('varSettings')['targetSiteUrl']","table":"@variables('varSettings')['targetListTitle']","item":{"Title":"@{items('ForEachEventItem')['Title']}","Start":"@{items('ForEachEventItem')['Start']}","End":"@{items('ForEachEventItem')['End']}","SourceListColor":"@{items('ForEachSites')['color']}","SourceListItemGUID":"@{items('ForEachEventItem')['GUID']}","SourceListItemModified":"@{items('ForEachEventItem')['Modified']}","SourceSiteUrl":"@{items('ForEachSites')['siteUrl']}","SourceListTitle":"@{items('ForEachSites')['listTitle']}"}},"host":{"apiId":"/providers/Microsoft.PowerApps/apis/shared_sharepointonline","connectionName":"shared_sharepointonline","operationId":"PostItem"},"authentication":{"value":"@json(decodeBase64(triggerOutputs().headers['X-MS-APIM-Tokens']))['$ConnectionKey']","type":"Raw"}}}}},"expression":{"and":[{"equals":["@length(outputs('GetItems-TargetListItem')?['body/value'])",1]}]},"type":"If"}},"runAfter":{"HTTP-GetItems":["Succeeded"]},"type":"Foreach"},"HTTP-GetItems":{"runAfter":{"Getitems-List":["Succeeded"]},"type":"OpenApiConnection","inputs":{"parameters":{"dataset":"@items('ForEachSites')['siteUrl']","parameters/method":"GET","parameters/uri":"_api/web/lists/getbytitle('@{items('ForEachSites')['listTitle']}')/items","parameters/headers":{"content-type":"application/json"}},"host":{"apiId":"/providers/Microsoft.PowerApps/apis/shared_sharepointonline","connectionName":"shared_sharepointonline","operationId":"HttpRequest"},"authentication":{"value":"@json(decodeBase64(triggerOutputs().headers['X-MS-APIM-Tokens']))['$ConnectionKey']","type":"Raw"}}}},"runAfter":{"Init-varSettings":["Succeeded"]},"type":"Foreach"},"Scope-RemoveDeletedItems":{"actions":{"GetItems-TargetList":{"type":"OpenApiConnection","inputs":{"parameters":{"dataset":"@variables('varSettings')['targetSiteUrl']","table":"@variables('varSettings')['targetListTitle']"},"host":{"apiId":"/providers/Microsoft.PowerApps/apis/shared_sharepointonline","connectionName":"shared_sharepointonline","operationId":"GetItems"},"authentication":{"value":"@json(decodeBase64(triggerOutputs().headers['X-MS-APIM-Tokens']))['$ConnectionKey']","type":"Raw"}}},"ForEachTargetListItems":{"foreach":"@outputs('GetItems-TargetList')?['body/value']","actions":{"GetItems-CheckSourceList":{"type":"OpenApiConnection","inputs":{"parameters":{"dataset":"@items('ForEachTargetListItems')['SourceSiteUrl']","table":"@items('ForEachTargetListItems')['SourceListTitle']","$filter":"GUID eq '@{items('ForEachTargetListItems')['SourceListItemGUID']}'"},"host":{"apiId":"/providers/Microsoft.PowerApps/apis/shared_sharepointonline","connectionName":"shared_sharepointonline","operationId":"GetItems"},"authentication":{"value":"@json(decodeBase64(triggerOutputs().headers['X-MS-APIM-Tokens']))['$ConnectionKey']","type":"Raw"}}},"CheckIfItemWasRemoved":{"actions":{"DeleteItem-TargetList":{"type":"OpenApiConnection","inputs":{"parameters":{"dataset":"@variables('varSettings')['targetSiteUrl']","table":"@variables('varSettings')['targetListTitle']","id":"@items('ForEachTargetListItems')['ID']"},"host":{"apiId":"/providers/Microsoft.PowerApps/apis/shared_sharepointonline","connectionName":"shared_sharepointonline","operationId":"DeleteItem"},"authentication":{"value":"@json(decodeBase64(triggerOutputs().headers['X-MS-APIM-Tokens']))['$ConnectionKey']","type":"Raw"}}}},"runAfter":{"GetItems-CheckSourceList":["Succeeded"]},"else":{"actions":{}},"expression":{"and":[{"equals":["@length(outputs('GetItems-CheckSourceList')?['body/value'])",0]}]},"type":"If"}},"runAfter":{"GetItems-TargetList":["Succeeded"]},"type":"Foreach"}},"runAfter":{"ForEachSites":["Succeeded"]},"type":"Scope"}}},"connectionReferences":{"shared_sharepointonline":{"connectionName":"shared-sharepointonl-15dde7a5-f963-4f71-9bfa-0f144b9c719e","source":"Invoker","id":"/providers/Microsoft.PowerApps/apis/shared_sharepointonline","tier":"NotSpecified","apiName":"sharepointonline","isProcessSimpleApiReferenceConversionAlreadyDone":false}},"flowFailureAlertSubscribed":false,"isManaged":false}}